Cell Type,Active & Accessible,Active & Not Accessible,Background Accessible,Background Not Accessible,Odds Ratio,P-value
GM12878,706,118,3587,500,0.8339909182405391,0.9543058460660785
Jurkat,1003,175,3290,443,0.7717394702561876,0.9966149145584954
MRC5,1123,159,3170,459,1.0226712695672877,0.43122064662763315
A549,1061,177,3232,441,0.8179172260446383,0.9834405231437603
HEK293,948,165,3345,453,0.7780839788014676,0.9950204792855742
K562,1190,205,3103,413,0.7726118704951149,0.9976318493553358
