Cell Type,Active & Accessible,Active & Not Accessible,Background Accessible,Background Not Accessible,Odds Ratio,P-value
GM12878,124,700,623,3464,0.9849484063288236,0.5743124772168471
Jurkat,191,987,556,3177,1.1057543023332095,0.14626436447410818
MRC5,179,1103,568,3061,0.8745658447511907,0.9331205261909392
A549,182,1056,565,3108,0.9480691874497185,0.7323173972635549
HEK293,170,943,577,3221,1.0063571587415068,0.48986315315144136
K562,217,1178,530,2986,1.037835153922542,0.3506737296025044
